Domain,L0,Time Used,Time
netflix.com,Fun,52,2017-02-13T20:46:17.734Z
netflix.com,Fun,2,2017-02-13T20:45:00.918Z
netflix.com,Fun,3,2017-02-13T20:44:58.096Z
netflix.com,Fun,3,2017-02-13T20:44:54.542Z
netflix.com,Fun,2,2017-02-13T20:44:52.850Z
mail.google.com,Comms,1,2017-02-13T20:44:47.034Z
mail.google.com,Comms,4,2017-02-13T20:44:32.724Z
mail.google.com,Comms,4,2017-02-13T20:44:28.999Z
mail.google.com,Comms,5,2017-02-13T20:44:24.382Z
mail.google.com,Comms,4,2017-02-13T20:44:20.491Z
mlab.com,Other,9,2017-02-13T20:44:08.900Z
mlab.com,Other,3,2017-02-13T20:44:05.764Z
stackoverflow.com,Work,3,2017-02-13T20:43:53.407Z
google.com,Find,11,2017-02-13T20:43:42.336Z
mail.google.com,Comms,6,2017-02-13T20:41:12.033Z
mail.google.com,Comms,2,2017-02-13T20:41:09.923Z
mail.google.com,Comms,3,2017-02-13T20:41:06.586Z
mail.google.com,Comms,6,2017-02-13T20:41:01.049Z
mail.google.com,Comms,6,2017-02-13T20:40:54.831Z
mail.google.com,Comms,12,2017-02-13T20:40:42.340Z
mail.google.com,Comms,3,2017-02-13T20:40:39.173Z
mail.google.com,Comms,2,2017-02-13T20:39:06.747Z
mail.google.com,Comms,7,2017-02-13T20:39:00.227Z
mail.google.com,Comms,3,2017-02-13T20:38:57.436Z
mail.google.com,Comms,10,2017-02-13T20:38:47.357Z
mail.google.com,Comms,1,2017-02-13T20:38:46.099Z
mail.google.com,Comms,10,2017-02-13T20:38:36.551Z
mail.google.com,Comms,6,2017-02-13T20:38:30.622Z
mail.google.com,Comms,2,2017-02-13T20:38:28.345Z
gitlab.com,Work,600,2017-02-13T20:38:27.684Z
facebook.com,Social,3,2017-02-13T20:26:47.900Z
yelp.com,Find,78,2017-02-13T20:24:10.426Z
yelp.com,Find,45,2017-02-13T20:23:25.009Z
yelp.com,Find,19,2017-02-13T20:23:06.158Z
yelp.com,Find,2,2017-02-13T20:23:03.087Z
yelp.com,Find,2,2017-02-13T20:23:02.177Z
yelp.com,Find,12,2017-02-13T20:22:50.375Z
yelp.com,Find,2,2017-02-13T20:22:47.966Z
yelp.com,Find,5,2017-02-13T20:22:42.697Z
yelp.com,Find,11,2017-02-13T20:22:31.974Z
yelp.com,Find,49,2017-02-13T20:21:42.752Z
yelp.com,Find,7,2017-02-13T20:21:35.880Z
yelp.com,Find,13,2017-02-13T20:21:23.212Z
chaatbhavan.com,Other,2,2017-02-13T20:21:13.189Z
yelp.com,Find,6,2017-02-13T20:21:06.883Z
google.com,Find,1,2017-02-13T20:20:58.406Z
airbnb.io,Other,600,2017-02-13T20:20:56.434Z
yelp.com,Find,1,2017-02-13T20:20:52.958Z
yelp.com,Find,8,2017-02-13T20:20:44.795Z
yelp.com,Find,11,2017-02-13T20:20:31.854Z
yelp.com,Find,1,2017-02-13T20:20:25.188Z
yelp.com,Find,2,2017-02-13T20:20:20.609Z
yelp.com,Find,6,2017-02-13T20:20:15.102Z
yelp.com,Find,14,2017-02-13T20:19:58.847Z
yelp.com,Find,2,2017-02-13T20:19:56.704Z
airbnb.io,Other,26,2017-02-13T20:19:30.577Z
yelp.com,Find,34,2017-02-13T20:18:41.133Z
yelp.com,Find,30,2017-02-13T20:17:29.707Z
yelp.com,Find,8,2017-02-13T20:17:06.382Z
yelp.com,Find,1,2017-02-13T20:16:41.281Z
yelp.com,Find,1,2017-02-13T20:15:53.375Z
yelp.com,Find,6,2017-02-13T20:15:47.769Z
google.com,Find,2,2017-02-13T20:15:45.841Z
yelp.com,Find,3,2017-02-13T20:15:30.555Z
chaatbhavan.com,Other,5,2017-02-13T20:15:14.138Z
yelp.com,Find,3,2017-02-13T20:15:11.610Z
yelp.com,Find,2,2017-02-13T20:15:09.206Z
yelp.com,Find,2,2017-02-13T20:15:06.698Z
yelp.com,Find,4,2017-02-13T20:15:02.415Z
yelp.com,Find,7,2017-02-13T20:14:50.290Z
yelp.com,Find,2,2017-02-13T20:14:48.064Z
yelp.com,Find,7,2017-02-13T20:14:27.179Z
yelp.com,Find,5,2017-02-13T20:14:17.897Z
yelp.com,Find,17,2017-02-13T20:13:59.501Z
yelp.com,Find,4,2017-02-13T20:13:53.365Z
yelp.com,Find,3,2017-02-13T20:13:45.915Z
google.com,Find,2,2017-02-13T20:13:43.908Z
yelp.com,Find,4,2017-02-13T20:13:39.822Z
eat24hrs.com,Other,1,2017-02-13T20:13:38.035Z
eat24hrs.com,Other,1,2017-02-13T20:13:37.069Z
yelp.com,Find,1,2017-02-13T20:13:36.039Z
yelp.com,Find,10,2017-02-13T20:13:25.972Z
yelp.com,Find,1,2017-02-13T20:13:24.889Z
yelp.com,Find,11,2017-02-13T20:13:13.234Z
yelp.com,Find,13,2017-02-13T20:13:00.643Z
google.com,Find,20,2017-02-13T20:12:35.638Z
eat24hrs.com,Other,1,2017-02-13T20:12:27.090Z
eat24hrs.com,Other,15,2017-02-13T20:12:12.525Z
eat24hrs.com,Other,1,2017-02-13T20:12:11.370Z
swaadindiancuisine.com,Other,8,2017-02-13T20:12:02.985Z
yelp.com,Find,1,2017-02-13T20:12:01.509Z
yelp.com,Find,5,2017-02-13T20:11:56.592Z
yelp.com,Find,18,2017-02-13T20:11:38.186Z
yelp.com,Find,4,2017-02-13T20:11:34.238Z
google.com,Find,10,2017-02-13T20:11:23.677Z
google.com,Find,3,2017-02-13T20:11:21.171Z
google.com,Find,1,2017-02-13T20:11:19.945Z
google.com,Find,5,2017-02-13T20:11:14.833Z
google.com,Find,2,2017-02-13T20:11:13.303Z
google.com,Find,3,2017-02-13T20:11:10.728Z
google.com,Find,8,2017-02-13T20:11:02.449Z
google.com,Find,11,2017-02-13T20:10:51.941Z
yelp.com,Find,4,2017-02-13T20:10:48.213Z
sharp.readthedocs.io,Other,2,2017-02-13T20:10:44.671Z
danyow.net,Other,1,2017-02-13T20:10:43.200Z
sharp.readthedocs.io,Other,2,2017-02-13T20:10:42.929Z
cloudinary.com,Other,2,2017-02-13T20:10:40.914Z
npmjs.com,Other,1,2017-02-13T20:10:36.816Z
npmjs.com,Other,286,2017-02-13T20:05:50.429Z
npmjs.com,Other,11,2017-02-13T20:05:16.315Z
npmjs.com,Other,1,2017-02-13T20:05:06.070Z
npmjs.com,Other,2,2017-02-13T20:04:52.515Z
npmjs.com,Other,1,2017-02-13T20:04:51.052Z
fengyuanchen.github.io,Other,5,2017-02-13T20:04:45.680Z
fengyuanchen.github.io,Other,1,2017-02-13T20:04:44.239Z
npmjs.com,Other,1,2017-02-13T20:04:42.973Z
fengyuanchen.github.io,Other,1,2017-02-13T20:04:41.656Z
npmjs.com,Other,2,2017-02-13T20:04:39.962Z
npmjs.com,Other,1,2017-02-13T20:04:38.374Z
fengyuanchen.github.io,Other,1,2017-02-13T20:04:37.311Z
npmjs.com,Other,8,2017-02-13T20:04:28.598Z
npmjs.com,Other,2,2017-02-13T20:04:25.436Z
npmjs.com,Other,8,2017-02-13T20:04:17.304Z
npmjs.com,Other,7,2017-02-13T20:03:44.192Z
fengyuanchen.github.io,Other,11,2017-02-13T20:03:33.611Z
npmjs.com,Other,2,2017-02-13T20:03:10.438Z
npmjs.com,Other,4,2017-02-13T20:03:05.232Z
cloudinary.com,Other,467,2017-02-13T20:02:53.553Z
cloudinary.com,Other,2,2017-02-13T20:02:04.550Z
danyow.net,Other,7,2017-02-13T20:01:57.779Z
sharp.readthedocs.io,Other,1,2017-02-13T20:01:55.945Z
npmjs.com,Other,38,2017-02-13T20:01:17.722Z
npmjs.com,Other,21,2017-02-13T20:00:56.985Z
npmjs.com,Other,2,2017-02-13T20:00:54.601Z
npmjs.com,Other,10,2017-02-13T20:00:44.811Z
npmjs.com,Other,6,2017-02-13T20:00:39.246Z
derby-demos.herokuapp.com,Other,1,2017-02-13T20:00:37.907Z
npmjs.com,Other,6,2017-02-13T20:00:29.805Z
google.com,Find,10,2017-02-13T20:00:20.224Z
google.com,Find,10,2017-02-13T20:00:20.191Z
google.com,Find,1,2017-02-13T20:00:15.970Z
npmjs.com,Other,24,2017-02-13T19:59:44.182Z
danyow.net,Other,2,2017-02-13T19:59:42.300Z
npmjs.com,Other,13,2017-02-13T19:59:25.482Z
npmjs.com,Other,18,2017-02-13T19:59:07.786Z
google.com,Find,12,2017-02-13T19:58:55.900Z
docs.codeclimate.com,Other,21,2017-02-13T19:58:34.469Z
freelancer.com,Work,2,2017-02-13T19:58:32.405Z
google.com,Find,5,2017-02-13T19:58:26.569Z
scotch.io,Read,21,2017-02-13T19:57:48.622Z
scotch.io,Read,1,2017-02-13T19:57:47.319Z
google.com,Find,10,2017-02-13T19:57:34.374Z
google.com,Find,2,2017-02-13T19:57:32.054Z
gitlab.com,Work,11,2017-02-13T19:57:14.669Z
gitlab.com,Work,67,2017-02-13T19:56:07.244Z
gitlab.com,Work,2,2017-02-13T19:55:58.930Z
gitlab.com,Work,4,2017-02-13T19:55:13.058Z
brandentrepreneurs.com,Other,5,2017-02-13T19:54:48.983Z
gitlab.com,Work,5,2017-02-13T19:54:43.870Z
gitlab.com,Work,1,2017-02-13T19:54:42.851Z
gitlab.com,Work,2,2017-02-13T19:54:40.418Z
gitlab.com,Work,2,2017-02-13T19:54:38.556Z
gitlab.com,Work,22,2017-02-13T19:53:51.883Z
gitlab.com,Work,8,2017-02-13T19:53:43.540Z
gitlab.com,Work,3,2017-02-13T19:53:40.098Z
gitlab.com,Work,14,2017-02-13T19:53:26.271Z
gitlab.com,Work,2,2017-02-13T19:53:11.882Z
gitlab.com,Work,1,2017-02-13T19:53:10.339Z
gitlab.com,Work,12,2017-02-13T19:52:58.725Z
gitlab.com,Work,2,2017-02-13T19:52:56.203Z
gitlab.com,Work,12,2017-02-13T19:52:44.169Z
gitlab.com,Work,4,2017-02-13T19:52:39.701Z
gitlab.com,Work,5,2017-02-13T19:52:35.170Z
gitlab.com,Work,13,2017-02-13T19:52:22.567Z
gitlab.com,Work,1,2017-02-13T19:51:34.205Z
gitlab.com,Work,5,2017-02-13T19:51:28.492Z
ted.com,Fun,2,2017-02-13T19:51:26.080Z
yelp.com,Find,3,2017-02-13T19:51:22.814Z
linkedin.com,Social,1,2017-02-13T19:51:20.502Z
freelancer.com,Work,3,2017-02-13T19:51:17.734Z
gitlab.com,Work,15,2017-02-13T19:50:30.964Z
gitlab.com,Work,10,2017-02-13T19:50:10.180Z
gitlab.com,Work,9,2017-02-13T19:50:01.619Z
gitlab.com,Work,5,2017-02-13T19:49:56.118Z
gitlab.com,Work,80,2017-02-13T19:48:35.811Z
mail.google.com,Comms,1,2017-02-13T19:48:34.587Z
airbnb.io,Other,600,2017-02-13T19:48:31.044Z
freelancer.com,Work,3,2017-02-13T19:48:27.854Z
gitlab.com,Work,25,2017-02-13T19:47:56.722Z
mail.google.com,Comms,2,2017-02-13T19:47:55.169Z
gitlab.com,Work,19,2017-02-13T19:47:36.206Z
mail.google.com,Comms,2,2017-02-13T19:47:34.308Z
mail.google.com,Comms,2,2017-02-13T19:47:31.911Z
gitlab.com,Work,6,2017-02-13T19:47:25.623Z
mail.google.com,Comms,2,2017-02-13T19:47:21.112Z
mail.google.com,Comms,2,2017-02-13T19:47:19.460Z
mail.google.com,Comms,2,2017-02-13T19:47:17.541Z
mail.google.com,Comms,8,2017-02-13T19:46:47.214Z
mail.google.com,Comms,8,2017-02-13T19:46:39.537Z
airbnb.io,Other,125,2017-02-13T19:46:26.181Z
freelancer.com,Work,2,2017-02-13T19:46:11.187Z
freelancer.com,Work,63,2017-02-13T19:44:48.059Z
freelancer.com,Work,50,2017-02-13T19:43:57.808Z
linkedin.com,Social,133,2017-02-13T19:41:44.274Z
linkedin.com,Social,4,2017-02-13T19:41:39.985Z
linkedin.com,Social,2,2017-02-13T19:41:38.000Z
linkedin.com,Social,3,2017-02-13T19:41:34.665Z
google.com,Find,24,2017-02-13T19:41:10.932Z
google.com,Find,59,2017-02-13T19:40:10.156Z
yelp.com,Find,2,2017-02-13T19:40:02.287Z
yelp.com,Find,1,2017-02-13T19:40:00.741Z
tofoo-com-chay.com,Other,5,2017-02-13T19:39:53.393Z
tofoo-com-chay.com,Other,2,2017-02-13T19:39:51.008Z
tofoo-com-chay.com,Other,5,2017-02-13T19:39:45.290Z
yelp.com,Find,2,2017-02-13T19:39:43.552Z
vegetarianhouse.us,Other,16,2017-02-13T19:39:27.390Z
vegetarianhouse.us,Other,5,2017-02-13T19:39:22.410Z
yelp.com,Find,3,2017-02-13T19:39:19.033Z
goodkarmasj.com,Other,1,2017-02-13T19:39:04.877Z
yelp.com,Find,3,2017-02-13T19:39:01.845Z
yelp.com,Find,3,2017-02-13T19:39:01.040Z
yelp.com,Find,4,2017-02-13T19:38:56.837Z
yelp.com,Find,10,2017-02-13T19:38:55.168Z
yelp.com,Find,8,2017-02-13T19:38:47.470Z
yelp.com,Find,11,2017-02-13T19:38:36.405Z
yelp.com,Find,18,2017-02-13T19:38:18.599Z
yelp.com,Find,29,2017-02-13T19:37:49.135Z
yelp.com,Find,24,2017-02-13T19:37:24.801Z
yelp.com,Find,3,2017-02-13T19:37:21.488Z
yelp.com,Find,59,2017-02-13T19:36:22.768Z
linkedin.com,Social,8,2017-02-13T19:28:46.494Z
yelp.com,Find,27,2017-02-13T19:27:56.619Z
airbnb.io,Other,600,2017-02-13T19:27:49.438Z
csouffrantntim.com,Other,1,2017-02-13T19:27:38.805Z
airbnb.io,Other,11,2017-02-13T19:27:38.475Z
nmdrp.me,Other,2,2017-02-13T19:27:30.978Z
airbnb.io,Other,1,2017-02-13T19:27:23.352Z
mail.google.com,Comms,4,2017-02-13T19:27:18.765Z
mail.google.com,Comms,11,2017-02-13T19:24:34.706Z
mail.google.com,Comms,5,2017-02-13T19:24:29.773Z
mail.google.com,Comms,2,2017-02-13T19:24:27.593Z
mail.google.com,Comms,2,2017-02-13T19:24:25.858Z
mail.google.com,Comms,4,2017-02-13T19:24:21.400Z
mail.google.com,Comms,1,2017-02-13T19:24:18.837Z
mail.google.com,Comms,9,2017-02-13T19:24:10.210Z
vueling.com,Shop,2,2017-02-13T19:23:55.932Z
app.respondent.io,Other,1,2017-02-13T19:23:53.707Z
mail.google.com,Comms,4,2017-02-13T19:23:49.242Z
mail.google.com,Comms,12,2017-02-13T19:23:36.911Z
mail.google.com,Comms,57,2017-02-13T19:22:39.813Z
mail.google.com,Comms,2,2017-02-13T19:22:37.743Z
mail.google.com,Comms,6,2017-02-13T19:22:31.914Z
mail.google.com,Comms,25,2017-02-13T19:21:50.452Z
mail.google.com,Comms,9,2017-02-13T19:21:40.954Z
mail.google.com,Comms,4,2017-02-13T19:21:37.027Z
mail.google.com,Comms,8,2017-02-13T19:21:28.998Z
mail.google.com,Comms,2,2017-02-13T19:21:26.701Z
mail.google.com,Comms,4,2017-02-13T19:21:23.017Z
mail.google.com,Comms,4,2017-02-13T19:21:18.724Z
mail.google.com,Comms,3,2017-02-13T19:21:15.730Z
mail.google.com,Comms,3,2017-02-13T19:21:12.976Z
airbnb.io,Other,1,2017-02-13T19:20:04.346Z
airbnb.io,Other,1,2017-02-13T19:20:02.563Z
airbnb.io,Other,2,2017-02-13T19:20:01.279Z
app.respondent.io,Other,4,2017-02-13T19:19:56.208Z
app.respondent.io,Other,12,2017-02-13T19:19:42.932Z
mail.google.com,Comms,38,2017-02-13T19:19:04.999Z
mail.google.com,Comms,6,2017-02-13T19:18:59.053Z
prep.hackreactor.com,Other,2,2017-02-13T19:18:56.729Z
mail.google.com,Comms,1,2017-02-13T19:18:55.703Z
mail.google.com,Comms,1,2017-02-13T19:18:54.349Z
mail.google.com,Comms,2,2017-02-13T19:18:52.559Z
mail.google.com,Comms,31,2017-02-13T19:18:21.635Z
mail.google.com,Comms,2,2017-02-13T19:18:19.157Z
drive.google.com,Work,10,2017-02-13T19:04:53.086Z
docs.google.com,Work,2,2017-02-13T19:04:49.848Z
drive.google.com,Work,4,2017-02-13T19:04:42.566Z
mail.google.com,Comms,1,2017-02-13T19:04:39.773Z
mail.google.com,Comms,1,2017-02-13T19:04:38.376Z
mail.google.com,Comms,3,2017-02-13T19:04:35.299Z
mail.google.com,Comms,5,2017-02-13T19:04:30.687Z
airbnb.io,Other,600,2017-02-13T19:03:50.508Z
mail.google.com,Comms,37,2017-02-13T19:03:50.474Z
airbnb.io,Other,1,2017-02-13T19:03:46.857Z
drive.google.com,Work,1,2017-02-13T19:03:45.139Z
drive.google.com,Work,2,2017-02-13T19:03:40.238Z
github.com,Work,4,2017-02-13T19:03:36.484Z
github.com,Work,11,2017-02-13T19:03:24.539Z
github.com,Work,8,2017-02-13T19:03:16.576Z
github.com,Work,2,2017-02-13T19:03:14.567Z
localhost,Other,6,2017-02-13T19:03:08.068Z
localhost,Other,1,2017-02-13T19:03:06.876Z
github.com,Work,2,2017-02-13T19:03:02.012Z
github.com,Work,3,2017-02-13T19:02:59.492Z
github.com,Work,3,2017-02-13T19:02:56.778Z
github.com,Work,1,2017-02-13T19:02:55.479Z
localhost,Other,5,2017-02-13T19:02:50.111Z
localhost,Other,1,2017-02-13T19:02:49.000Z
github.com,Work,8,2017-02-13T19:02:40.625Z
youtube.com,Fun,2,2017-02-13T18:56:05.195Z
airbnb.io,Other,4,2017-02-13T18:56:00.637Z
airbnb.io,Other,5,2017-02-13T18:55:56.056Z
youtube.com,Fun,1,2017-02-13T18:55:54.979Z
airbnb.io,Other,10,2017-02-13T18:52:20.950Z
youtube.com,Fun,1,2017-02-13T18:52:19.846Z
airbnb.io,Other,5,2017-02-13T18:52:15.906Z
youtube.com,Fun,92,2017-02-13T18:36:17.428Z
youtube.com,Fun,7,2017-02-13T18:36:10.623Z
fusion.net,Read,7,2017-02-13T18:36:01.977Z
mail.google.com,Comms,1,2017-02-13T18:36:00.431Z
mail.google.com,Comms,16,2017-02-13T18:35:43.827Z
mail.google.com,Comms,2,2017-02-13T18:35:41.785Z
mail.google.com,Comms,1,2017-02-13T18:35:40.493Z
fusion.net,Read,23,2017-02-13T18:35:39.452Z
app.buyerdeck.com,Work,8,2017-02-13T18:35:31.510Z
app.buyerdeck.com,Work,4,2017-02-13T18:35:27.554Z
fusion.net,Read,18,2017-02-13T18:35:21.604Z
online.americanexpress.com,Work,2,2017-02-13T18:35:20.130Z
facebook.com,Social,597,2017-02-13T18:25:18.154Z
facebook.com,Social,8,2017-02-13T18:24:51.535Z
mail.google.com,Comms,37,2017-02-13T18:24:10.204Z
mail.google.com,Comms,600,2017-02-13T18:06:41.406Z
mail.google.com,Comms,13,2017-02-13T18:06:28.829Z
mail.google.com,Comms,1,2017-02-13T18:06:26.844Z
app.buyerdeck.com,Work,19,2017-02-13T18:06:04.404Z
app.buyerdeck.com,Work,22,2017-02-13T18:05:39.556Z
mail.google.com,Comms,3,2017-02-13T18:05:34.594Z
app.buyerdeck.com,Work,15,2017-02-13T18:04:52.868Z
app.buyerdeck.com,Work,6,2017-02-13T18:04:46.612Z
app.buyerdeck.com,Work,6,2017-02-13T18:03:59.130Z
app.buyerdeck.com,Work,14,2017-02-13T18:03:45.237Z
app.buyerdeck.com,Work,9,2017-02-13T18:03:35.737Z
app.buyerdeck.com,Work,6,2017-02-13T18:03:30.171Z
mail.google.com,Comms,268,2017-02-13T17:41:19.141Z
mail.google.com,Comms,3,2017-02-13T17:41:15.935Z
mail.google.com,Comms,5,2017-02-13T17:41:11.423Z
mail.google.com,Comms,3,2017-02-13T17:41:08.573Z
mail.google.com,Comms,12,2017-02-13T17:40:56.858Z
mail.google.com,Comms,1,2017-02-13T17:40:55.117Z
mail.google.com,Comms,37,2017-02-13T17:40:11.076Z
mail.google.com,Comms,13,2017-02-13T17:39:57.706Z
mail.google.com,Comms,2,2017-02-13T17:39:56.027Z
accounts.google.com,Find,24,2017-02-13T17:39:32.298Z
accounts.google.com,Find,6,2017-02-13T17:39:25.818Z
online.americanexpress.com,Work,1,2017-02-13T17:38:14.941Z
facebook.com,Social,67,2017-02-13T17:20:14.480Z
wired.com,Read,2,2017-02-13T17:20:12.294Z
wired.com,Read,3,2017-02-13T17:20:09.479Z
nmdrp.me,Other,134,2017-02-13T17:17:51.760Z
facebook.com,Social,209,2017-02-13T17:14:16.771Z
t.co,Social,5,2017-02-13T17:11:34.017Z
fusion.net,Read,12,2017-02-13T17:11:22.048Z
fusion.net,Read,4,2017-02-13T17:11:18.285Z
facebook.com,Social,4,2017-02-13T17:11:11.987Z
facebook.com,Social,2,2017-02-13T17:11:07.453Z
iflscience.com,Find,2,2017-02-13T17:03:01.413Z
iflscience.com,Find,2,2017-02-13T17:02:40.642Z
iflscience.com,Find,45,2017-02-13T17:01:56.102Z
engadget.com,Read,46,2017-02-13T17:01:54.813Z
facebook.com,Social,5,2017-02-13T17:01:48.045Z
twitter.com,Social,8,2017-02-13T17:01:46.368Z
twitter.com,Social,4,2017-02-13T17:01:42.397Z
twitter.com,Social,1,2017-02-13T16:59:51.621Z
twitter.com,Social,7,2017-02-13T16:59:38.999Z
twitter.com,Social,1,2017-02-13T16:59:37.802Z
t.co,Social,4,2017-02-13T16:59:33.621Z
engadget.com,Read,9,2017-02-13T16:59:22.484Z
engadget.com,Read,1,2017-02-13T16:59:21.213Z
facebook.com,Social,13,2017-02-13T16:59:07.124Z
pastemagazine.com,Read,5,2017-02-13T16:59:01.357Z
twitter.com,Social,2,2017-02-13T16:56:25.192Z
t.co,Social,6,2017-02-13T16:56:18.962Z
pastemagazine.com,Read,14,2017-02-13T16:55:16.737Z
pastemagazine.com,Read,23,2017-02-13T16:54:53.639Z
facebook.com,Social,27,2017-02-13T16:54:49.214Z
facebook.com,Social,12,2017-02-13T16:54:36.297Z
facebook.com,Social,8,2017-02-13T16:54:28.373Z
online.americanexpress.com,Work,6,2017-02-13T16:28:35.537Z
cbp.gov,Find,8,2017-02-13T16:28:27.326Z
mail.google.com,Comms,4,2017-02-13T16:28:05.733Z
mail.google.com,Comms,2,2017-02-13T16:28:03.315Z
mail.google.com,Comms,3,2017-02-13T16:28:00.115Z
mail.google.com,Comms,2,2017-02-13T16:27:57.522Z
mail.google.com,Comms,65,2017-02-13T16:26:52.324Z
mail.google.com,Comms,5,2017-02-13T16:26:47.415Z
mail.google.com,Comms,6,2017-02-13T16:26:41.846Z
fusion.net,Read,600,2017-02-13T16:08:55.797Z
online.americanexpress.com,Work,1,2017-02-13T16:08:54.336Z
mail.google.com,Comms,1,2017-02-13T16:08:52.780Z
cbp.gov,Find,4,2017-02-13T16:08:48.934Z
goes-app.cbp.dhs.gov,Find,7,2017-02-13T16:08:42.429Z
cbp.gov,Find,12,2017-02-13T16:08:30.398Z
cbp.gov,Find,7,2017-02-13T16:08:23.743Z
cbp.gov,Find,5,2017-02-13T16:08:18.358Z
cbp.gov,Find,15,2017-02-13T16:08:03.268Z
cbp.gov,Find,12,2017-02-13T16:07:51.472Z
cbp.gov,Find,9,2017-02-13T16:07:42.896Z
cbp.gov,Find,53,2017-02-13T16:06:49.960Z
google.com,Find,11,2017-02-13T16:06:38.884Z
mail.google.com,Comms,4,2017-02-13T16:06:34.158Z
mail.google.com,Comms,6,2017-02-13T16:06:28.459Z
mail.google.com,Comms,5,2017-02-13T16:06:22.520Z
prep.hackreactor.com,Other,5,2017-02-13T16:06:22.200Z
online.americanexpress.com,Work,2,2017-02-13T16:02:06.520Z
applymagicsauce.com,Other,2,2017-02-13T16:02:04.143Z
kenmore.com,Other,3,2017-02-13T16:02:01.325Z
play.spotify.com,Fun,3,2017-02-13T16:01:57.757Z
csouffrantntim.com,Other,1,2017-02-13T16:01:56.488Z
airbnb.io,Other,1,2017-02-13T16:01:54.273Z
airbnb.io,Other,4,2017-02-13T16:01:49.469Z
github.com,Work,2,2017-02-13T16:01:47.234Z
fusion.net,Read,429,2017-02-13T16:01:46.533Z
airbnb.io,Other,1,2017-02-13T16:01:39.168Z
fusion.net,Read,9,2017-02-13T16:01:37.777Z
online.americanexpress.com,Work,1,2017-02-13T16:01:36.574Z
localhost,Other,4,2017-02-13T16:01:31.123Z
gitlab.com,Work,1,2017-02-13T16:01:29.460Z
localhost,Other,1,2017-02-13T16:01:27.973Z
localhost,Other,18,2017-02-13T16:01:05.106Z
localhost,Other,5,2017-02-13T16:01:00.295Z
localhost,Other,27,2017-02-13T16:00:33.740Z
localhost,Other,12,2017-02-13T16:00:21.838Z
localhost,Other,4,2017-02-13T16:00:17.972Z
online.americanexpress.com,Work,397,2017-02-13T15:47:23.378Z
icloud.com,Work,15,2017-02-13T15:47:07.824Z
appleid.apple.com,Other,3,2017-02-13T15:45:59.793Z
icloud.com,Work,35,2017-02-13T15:44:49.942Z
icloud.com,Work,2,2017-02-13T15:44:29.015Z
apple.com,Shop,2,2017-02-13T15:42:05.257Z
secure1.store.apple.com,Other,1,2017-02-13T15:41:25.702Z
apple.com,Shop,7,2017-02-13T15:41:18.234Z
apple.com,Shop,3,2017-02-13T15:40:58.268Z
online.americanexpress.com,Work,1,2017-02-13T15:20:28.516Z
online.americanexpress.com,Work,10,2017-02-13T15:20:08.711Z
online.americanexpress.com,Work,3,2017-02-13T15:20:00.961Z
americanexpress.com,Work,5,2017-02-13T15:19:56.207Z
americanexpress.com,Work,16,2017-02-13T15:19:34.048Z
servicing.capitalone.com,Work,10,2017-02-13T15:11:58.410Z
login2.capitalone.com,Work,2,2017-02-13T15:11:56.285Z
verified.capitalone.com,Work,3,2017-02-13T15:11:40.702Z
capitalone.com,Work,9,2017-02-13T15:11:31.403Z
fusion.net,Read,600,2017-02-13T14:56:29.414Z
linkedin.com,Social,107,2017-02-13T14:50:51.477Z
fusion.net,Read,351,2017-02-13T14:50:37.926Z
facebook.com,Social,5,2017-02-13T14:50:32.765Z
mail.google.com,Comms,4,2017-02-13T14:50:28.143Z
mail.google.com,Comms,1,2017-02-13T14:45:12.673Z
mail.google.com,Comms,2,2017-02-13T14:45:10.674Z
mail.google.com,Comms,5,2017-02-13T14:45:05.869Z
fusion.net,Read,415,2017-02-13T14:43:43.256Z
linkedin.com,Social,129,2017-02-13T14:41:33.918Z
twitter.com,Social,78,2017-02-13T14:40:09.440Z
fusion.net,Read,19,2017-02-13T14:39:50.663Z
ww1.gogoanime.io,Other,1,2017-02-13T14:38:50.938Z
play.spotify.com,Fun,600,2017-02-13T14:38:26.093Z
play.spotify.com,Fun,6,2017-02-13T14:14:22.808Z
play.spotify.com,Fun,8,2017-02-13T14:14:14.570Z
play.spotify.com,Fun,7,2017-02-13T14:14:03.972Z
fusion.net,Read,13,2017-02-13T14:13:50.982Z
fusion.net,Read,19,2017-02-13T14:12:57.278Z
fusion.net,Read,60,2017-02-13T14:11:57.601Z
youtube.com,Fun,1,2017-02-13T14:11:55.026Z
fusion.net,Read,16,2017-02-13T14:11:39.017Z
facebook.com,Social,2,2017-02-13T14:11:36.850Z
fusion.net,Read,17,2017-02-13T14:11:19.459Z
fusion.net,Read,12,2017-02-13T14:11:05.846Z
facebook.com,Social,108,2017-02-13T14:09:12.692Z
youtube.com,Fun,11,2017-02-13T14:09:01.752Z
facebook.com,Social,3,2017-02-13T14:08:58.806Z
youtube.com,Fun,4,2017-02-13T14:08:54.779Z
facebook.com,Social,16,2017-02-13T14:08:36.828Z
play.spotify.com,Fun,329,2017-02-13T14:08:34.517Z
facebook.com,Social,39,2017-02-13T14:07:55.696Z
mail.google.com,Comms,1,2017-02-13T14:07:42.114Z
mail.google.com,Comms,2,2017-02-13T14:07:40.435Z
mail.google.com,Comms,5,2017-02-13T14:07:35.828Z
play.spotify.com,Fun,3,2017-02-13T13:56:50.144Z
freelancer.com,Work,2,2017-02-13T13:56:47.728Z
play.spotify.com,Fun,8,2017-02-13T13:56:38.433Z
play.spotify.com,Fun,12,2017-02-13T13:56:26.175Z
mail.google.com,Comms,2,2017-02-13T13:56:14.834Z
mail.google.com,Comms,4,2017-02-13T13:56:10.996Z
facebook.com,Social,44,2017-02-13T13:55:24.846Z
facebook.com,Social,3,2017-02-13T13:55:21.952Z
airbnb.io,Other,2,2017-02-13T13:55:12.291Z
airbnb.io,Other,1,2017-02-13T13:55:11.148Z
airbnb.io,Other,12,2017-02-13T13:54:58.723Z
airbnb.io,Other,10,2017-02-13T13:54:48.903Z
airbnb.io,Other,8,2017-02-13T13:54:40.811Z
ww1.gogoanime.io,Other,3,2017-02-13T13:54:37.761Z
ww1.gogoanime.io,Other,3,2017-02-13T13:54:34.747Z
mangareader.net,Fun,3,2017-02-13T13:54:31.326Z
facebook.com,Social,71,2017-02-13T13:53:01.402Z
facebook.com,Social,3,2017-02-13T13:52:58.872Z
facebook.com,Social,29,2017-02-13T13:52:29.749Z
localhost,Other,100,2017-02-13T10:51:25.932Z
localhost,Other,3,2017-02-13T10:51:22.694Z
localhost,Other,2,2017-02-13T10:51:20.385Z
localhost,Other,19,2017-02-13T10:51:01.190Z
localhost,Other,2,2017-02-13T10:50:59.391Z
localhost,Other,4,2017-02-13T10:50:55.782Z
localhost,Other,4,2017-02-13T10:50:51.819Z
localhost,Other,2,2017-02-13T10:50:44.501Z
localhost,Other,10,2017-02-13T10:50:32.868Z
localhost,Other,2,2017-02-13T10:50:30.325Z
localhost,Other,1,2017-02-13T10:50:25.794Z
localhost,Other,1,2017-02-13T10:50:25.261Z
localhost,Other,1,2017-02-13T10:50:23.723Z
localhost,Other,1,2017-02-13T10:50:23.227Z
localhost,Other,1,2017-02-13T10:50:21.230Z
localhost,Other,1,2017-02-13T10:50:20.872Z
localhost,Other,1,2017-02-13T10:50:18.327Z
localhost,Other,1,2017-02-13T10:50:17.846Z
localhost,Other,2,2017-02-13T10:50:13.258Z
localhost,Other,20,2017-02-13T10:49:51.942Z
localhost,Other,12,2017-02-13T10:49:40.232Z
localhost,Other,3,2017-02-13T10:49:37.290Z
localhost,Other,11,2017-02-13T10:49:26.143Z
localhost,Other,1,2017-02-13T10:49:25.100Z
localhost,Other,2,2017-02-13T10:49:21.961Z
localhost,Other,2,2017-02-13T10:49:20.596Z
localhost,Other,1,2017-02-13T10:49:19.323Z
localhost,Other,6,2017-02-13T10:49:12.560Z
localhost,Other,13,2017-02-13T10:48:59.146Z
localhost,Other,4,2017-02-13T10:48:55.324Z
localhost,Other,2,2017-02-13T10:48:21.081Z
localhost,Other,2,2017-02-13T10:48:19.889Z
localhost,Other,2,2017-02-13T10:48:16.808Z
localhost,Other,2,2017-02-13T10:48:16.205Z
localhost,Other,1,2017-02-13T10:48:14.359Z
localhost,Other,2,2017-02-13T10:48:13.146Z
localhost,Other,2,2017-02-13T10:48:10.604Z
localhost,Other,1,2017-02-13T10:48:09.565Z
localhost,Other,3,2017-02-13T10:48:06.770Z
localhost,Other,1,2017-02-13T10:48:04.339Z
localhost,Other,2,2017-02-13T10:48:03.578Z
localhost,Other,2,2017-02-13T10:47:56.625Z
localhost,Other,1,2017-02-13T10:47:53.751Z
localhost,Other,2,2017-02-13T10:47:51.974Z
localhost,Other,1,2017-02-13T10:47:48.031Z
localhost,Other,1,2017-02-13T10:47:47.310Z
localhost,Other,2,2017-02-13T10:47:43.877Z
localhost,Other,1,2017-02-13T10:47:42.689Z
localhost,Other,2,2017-02-13T10:47:40.590Z
localhost,Other,1,2017-02-13T10:47:39.110Z
localhost,Other,1,2017-02-13T10:47:36.915Z
localhost,Other,1,2017-02-13T10:47:36.183Z
localhost,Other,1,2017-02-13T10:47:32.289Z
localhost,Other,2,2017-02-13T10:47:29.871Z
localhost,Other,3,2017-02-13T10:47:07.466Z
localhost,Other,1,2017-02-13T10:47:04.971Z
localhost,Other,1,2017-02-13T10:47:02.908Z
localhost,Other,2,2017-02-13T10:47:01.500Z
localhost,Other,1,2017-02-13T10:47:00.077Z
localhost,Other,2,2017-02-13T10:46:57.860Z
localhost,Other,3,2017-02-13T10:46:54.834Z
localhost,Other,1,2017-02-13T10:46:52.656Z
localhost,Other,1,2017-02-13T10:46:52.017Z
localhost,Other,1,2017-02-13T10:46:49.547Z
localhost,Other,2,2017-02-13T10:46:46.521Z
localhost,Other,5,2017-02-13T10:46:42.412Z
localhost,Other,1,2017-02-13T10:46:36.098Z
localhost,Other,2,2017-02-13T10:46:34.868Z
localhost,Other,1,2017-02-13T10:46:33.628Z
localhost,Other,13,2017-02-13T10:46:19.861Z
localhost,Other,1,2017-02-13T10:46:18.116Z
localhost,Other,2,2017-02-13T10:46:16.156Z
localhost,Other,1,2017-02-13T10:46:12.808Z
localhost,Other,1,2017-02-13T10:46:12.467Z
localhost,Other,2,2017-02-13T10:46:10.694Z
localhost,Other,2,2017-02-13T10:46:09.018Z
localhost,Other,1,2017-02-13T10:46:07.296Z
localhost,Other,3,2017-02-13T10:46:04.342Z
localhost,Other,3,2017-02-13T10:45:59.312Z
localhost,Other,1,2017-02-13T10:45:57.469Z
localhost,Other,2,2017-02-13T10:45:57.185Z
localhost,Other,3,2017-02-13T10:45:52.926Z
localhost,Other,2,2017-02-13T10:45:50.070Z
localhost,Other,1,2017-02-13T10:45:48.905Z
localhost,Other,1,2017-02-13T10:45:47.440Z
localhost,Other,1,2017-02-13T10:45:44.713Z
localhost,Other,3,2017-02-13T10:45:42.147Z
localhost,Other,5,2017-02-13T10:45:37.336Z
localhost,Other,3,2017-02-13T10:45:27.917Z
localhost,Other,6,2017-02-13T10:45:22.236Z
localhost,Other,1,2017-02-13T10:45:20.835Z
localhost,Other,3,2017-02-13T10:45:17.588Z
localhost,Other,8,2017-02-13T10:45:09.816Z
localhost,Other,2,2017-02-13T10:45:07.313Z
localhost,Other,12,2017-02-13T10:44:55.527Z
localhost,Other,2,2017-02-13T10:44:52.699Z
localhost,Other,1,2017-02-13T10:44:52.266Z
localhost,Other,1,2017-02-13T10:44:49.862Z
localhost,Other,1,2017-02-13T10:44:49.157Z
localhost,Other,2,2017-02-13T10:44:45.850Z
localhost,Other,2,2017-02-13T10:44:43.844Z
localhost,Other,4,2017-02-13T10:44:40.073Z
localhost,Other,2,2017-02-13T10:44:37.113Z
localhost,Other,10,2017-02-13T10:44:26.586Z
localhost,Other,14,2017-02-13T10:44:12.820Z
localhost,Other,13,2017-02-13T10:43:58.858Z
localhost,Other,4,2017-02-13T10:43:53.587Z
localhost,Other,1,2017-02-13T10:43:52.108Z
localhost,Other,6,2017-02-13T10:43:45.489Z
localhost,Other,3,2017-02-13T10:43:42.056Z
localhost,Other,2,2017-02-13T10:43:39.919Z
localhost,Other,5,2017-02-13T10:43:35.322Z
localhost,Other,4,2017-02-13T10:43:31.211Z
localhost,Other,2,2017-02-13T10:43:26.279Z
localhost,Other,4,2017-02-13T10:43:22.210Z
localhost,Other,11,2017-02-13T10:43:10.938Z
localhost,Other,10,2017-02-13T10:42:59.840Z
localhost,Other,4,2017-02-13T10:42:55.784Z
localhost,Other,14,2017-02-13T10:42:41.609Z
localhost,Other,17,2017-02-13T10:42:24.945Z
localhost,Other,28,2017-02-13T10:41:56.561Z
localhost,Other,11,2017-02-13T10:41:45.543Z
localhost,Other,1,2017-02-13T10:41:41.583Z
localhost,Other,76,2017-02-13T10:40:25.293Z
localhost,Other,2,2017-02-13T10:40:23.747Z
gitlab.com,Work,1,2017-02-13T10:40:20.398Z
play.spotify.com,Fun,600,2017-02-13T10:40:12.801Z
airbnb.io,Other,1,2017-02-13T10:40:10.816Z
github.com,Work,3,2017-02-13T10:40:07.870Z
airbnb.io,Other,1,2017-02-13T10:40:06.838Z
airbnb.io,Other,2,2017-02-13T10:40:05.120Z
youtube.com,Fun,45,2017-02-13T10:39:16.594Z
youtube.com,Fun,16,2017-02-13T10:39:00.384Z
youtube.com,Fun,4,2017-02-13T10:38:56.203Z
localhost,Other,1,2017-02-13T10:38:35.845Z
localhost,Other,1,2017-02-13T10:38:34.406Z
localhost,Other,1,2017-02-13T10:38:32.372Z
localhost,Other,17,2017-02-13T10:38:12.480Z
localhost,Other,3,2017-02-13T10:38:09.798Z
localhost,Other,29,2017-02-13T10:37:40.805Z
localhost,Other,10,2017-02-13T10:37:08.642Z
localhost,Other,6,2017-02-13T10:37:02.876Z
localhost,Other,10,2017-02-13T10:36:52.156Z
localhost,Other,3,2017-02-13T10:36:48.905Z
localhost,Other,5,2017-02-13T10:36:33.494Z
localhost,Other,6,2017-02-13T10:36:27.806Z
localhost,Other,1,2017-02-13T10:36:24.252Z
airbnb.io,Other,19,2017-02-13T10:36:04.548Z
airbnb.io,Other,1,2017-02-13T10:36:03.021Z
airbnb.io,Other,1,2017-02-13T10:35:58.197Z
airbnb.io,Other,2,2017-02-13T10:35:46.883Z
localhost,Other,8,2017-02-13T10:35:39.246Z
localhost,Other,1,2017-02-13T10:35:36.215Z
localhost,Other,14,2017-02-13T10:35:22.647Z
localhost,Other,2,2017-02-13T10:35:20.944Z
localhost,Other,2,2017-02-13T10:35:19.312Z
localhost,Other,21,2017-02-13T10:34:58.443Z
localhost,Other,13,2017-02-13T10:34:45.488Z
localhost,Other,3,2017-02-13T10:34:42.201Z
localhost,Other,1,2017-02-13T10:34:40.061Z
localhost,Other,3,2017-02-13T10:34:37.261Z
localhost,Other,4,2017-02-13T10:34:33.355Z
localhost,Other,1,2017-02-13T10:34:27.456Z
play.spotify.com,Fun,347,2017-02-13T10:34:25.418Z
airbnb.io,Other,59,2017-02-13T10:33:25.276Z
github.com,Work,24,2017-02-13T10:33:01.491Z
github.com,Work,7,2017-02-13T10:32:54.903Z
airbnb.io,Other,55,2017-02-13T10:31:59.487Z
airbnb.io,Other,5,2017-02-13T10:31:54.339Z
airbnb.io,Other,5,2017-02-13T10:31:47.911Z
airbnb.io,Other,240,2017-02-13T10:31:47.532Z
airbnb.io,Other,2,2017-02-13T10:31:44.970Z
airbnb.io,Other,5,2017-02-13T10:31:39.465Z
airbnb.io,Other,4,2017-02-13T10:31:35.071Z
airbnb.io,Other,2,2017-02-13T10:31:31.951Z
airbnb.io,Other,3,2017-02-13T10:31:28.508Z
airbnb.io,Other,10,2017-02-13T10:31:18.195Z
airbnb.io,Other,13,2017-02-13T10:31:04.388Z
facebook.com,Social,4,2017-02-13T10:23:28.655Z
mail.google.com,Comms,4,2017-02-13T10:23:12.898Z
mail.google.com,Comms,14,2017-02-13T10:13:20.726Z
mail.google.com,Comms,134,2017-02-13T10:11:06.329Z
airbnb.io,Other,8,2017-02-13T10:10:58.029Z
github.com,Work,1,2017-02-13T10:10:56.514Z
google.com,Find,8,2017-02-13T10:10:48.161Z
github.com,Work,1,2017-02-13T10:10:45.400Z
github.com,Work,14,2017-02-13T10:10:31.587Z
github.com,Work,20,2017-02-13T10:10:11.716Z
google.com,Find,6,2017-02-13T10:10:05.522Z
localhost,Other,1,2017-02-13T10:09:53.365Z
localhost,Other,1,2017-02-13T10:09:51.716Z
localhost,Other,3,2017-02-13T10:09:47.421Z
localhost,Other,13,2017-02-13T10:09:33.990Z
localhost,Other,8,2017-02-13T10:09:25.073Z
localhost,Other,1,2017-02-13T10:09:21.020Z
localhost,Other,11,2017-02-13T10:09:09.835Z
localhost,Other,2,2017-02-13T10:09:07.534Z
localhost,Other,10,2017-02-13T10:08:56.806Z
localhost,Other,9,2017-02-13T10:08:48.262Z
localhost,Other,12,2017-02-13T10:08:35.012Z
localhost,Other,8,2017-02-13T10:08:26.816Z
localhost,Other,6,2017-02-13T10:08:20.306Z
localhost,Other,7,2017-02-13T10:08:13.137Z
localhost,Other,1,2017-02-13T10:08:11.415Z
localhost,Other,6,2017-02-13T10:08:06.367Z
localhost,Other,2,2017-02-13T10:07:59.318Z
localhost,Other,14,2017-02-13T10:07:44.612Z
localhost,Other,14,2017-02-13T10:07:31.081Z
localhost,Other,379,2017-02-13T10:01:11.746Z
localhost,Other,9,2017-02-13T10:01:00.658Z
localhost,Other,29,2017-02-13T10:00:30.257Z
localhost,Other,9,2017-02-13T10:00:21.415Z
localhost,Other,1,2017-02-13T10:00:19.141Z
localhost,Other,7,2017-02-13T10:00:12.551Z
localhost,Other,11,2017-02-13T10:00:01.213Z
localhost,Other,1,2017-02-13T09:59:59.980Z
localhost,Other,2,2017-02-13T09:59:52.663Z
localhost,Other,28,2017-02-13T09:59:24.803Z
localhost,Other,6,2017-02-13T09:59:18.571Z
localhost,Other,10,2017-02-13T09:59:08.020Z
localhost,Other,7,2017-02-13T09:59:01.117Z
localhost,Other,9,2017-02-13T09:58:52.044Z
localhost,Other,3,2017-02-13T09:58:49.064Z
localhost,Other,6,2017-02-13T09:58:40.913Z
localhost,Other,15,2017-02-13T09:58:25.403Z
localhost,Other,3,2017-02-13T09:58:22.871Z
localhost,Other,27,2017-02-13T09:57:55.438Z
localhost,Other,11,2017-02-13T09:57:44.731Z
localhost,Other,25,2017-02-13T09:57:20.091Z
localhost,Other,12,2017-02-13T09:57:08.068Z
localhost,Other,3,2017-02-13T09:57:05.416Z
localhost,Other,3,2017-02-13T09:57:02.428Z
localhost,Other,5,2017-02-13T09:56:57.295Z
localhost,Other,4,2017-02-13T09:56:53.751Z
localhost,Other,29,2017-02-13T09:56:33.775Z
localhost,Other,7,2017-02-13T09:56:26.654Z
localhost,Other,5,2017-02-13T09:56:21.235Z
localhost,Other,2,2017-02-13T09:56:19.488Z
localhost,Other,33,2017-02-13T09:55:34.861Z
localhost,Other,15,2017-02-13T09:55:20.240Z
localhost,Other,2,2017-02-13T09:55:16.746Z
localhost,Other,1,2017-02-13T09:55:15.515Z
localhost,Other,10,2017-02-13T09:55:06.279Z
localhost,Other,14,2017-02-13T09:54:51.752Z
localhost,Other,1,2017-02-13T09:54:49.153Z
localhost,Other,2,2017-02-13T09:54:47.810Z
gitlab.com,Work,1,2017-02-13T09:54:46.553Z
kenmore.com,Other,1,2017-02-13T09:54:44.259Z
play.spotify.com,Fun,600,2017-02-13T09:54:43.268Z
159.122.243.244,Other,2,2017-02-13T09:54:41.025Z
159.8.150.230,Other,2,2017-02-13T09:54:39.015Z
iflscience.com,Find,195,2017-02-13T09:51:23.150Z
freelancer.com,Work,2,2017-02-13T09:51:20.492Z
kenmore.com,Other,1,2017-02-13T09:51:17.233Z
iflscience.com,Find,6,2017-02-13T09:51:16.917Z
dishwashers.reviewed.com,Other,2,2017-02-13T09:51:14.671Z
iflscience.com,Find,3,2017-02-13T09:51:13.499Z
dishwashers.reviewed.com,Other,3,2017-02-13T09:51:09.870Z
iflscience.com,Find,6,2017-02-13T09:51:07.376Z
159.8.150.230,Other,212,2017-02-13T09:51:07.240Z
play.spotify.com,Fun,217,2017-02-13T09:51:06.096Z
159.122.243.244,Other,1,2017-02-13T09:51:05.796Z
iflscience.com,Find,2,2017-02-13T09:51:00.293Z
play.spotify.com,Fun,7,2017-02-13T09:50:58.660Z
159.122.243.244,Other,6,2017-02-13T09:50:54.048Z
play.spotify.com,Fun,7,2017-02-13T09:50:51.754Z
159.122.243.244,Other,2,2017-02-13T09:50:47.176Z
play.spotify.com,Fun,1,2017-02-13T09:50:38.513Z
csouffrantntim.com,Other,7,2017-02-13T09:50:31.573Z
prep.hackreactor.com,Other,1,2017-02-13T09:50:28.649Z
mail.google.com,Comms,1,2017-02-13T09:50:27.244Z
namedrop.io,Work,4,2017-02-13T09:48:43.230Z
namedrop.io,Work,13,2017-02-13T09:48:29.887Z
mail.google.com,Comms,8,2017-02-13T09:46:48.213Z
mail.google.com,Comms,2,2017-02-13T09:46:46.526Z
mail.google.com,Comms,3,2017-02-13T09:46:37.072Z
instagram.com,Social,1,2017-02-13T09:27:27.967Z
play.spotify.com,Fun,1,2017-02-13T09:27:26.199Z
csouffrantntim.com,Other,4,2017-02-13T09:27:22.945Z
twitter.com,Social,3,2017-02-13T09:27:02.292Z
twitter.com,Social,15,2017-02-13T09:24:38.450Z
twitter.com,Social,1,2017-02-13T09:24:37.396Z
csouffrantntim.com,Other,2,2017-02-13T09:24:32.805Z
csouffrantntim.com,Other,13,2017-02-13T09:24:19.589Z
t.co,Social,4,2017-02-13T09:24:14.371Z
brandentrepreneurs.com,Other,2,2017-02-13T09:23:40.757Z
gitlab.com,Work,1,2017-02-13T09:23:39.313Z
ww1.gogoanime.io,Other,2,2017-02-13T09:18:37.456Z
facebook.com,Social,5,2017-02-13T09:16:00.627Z
linkedin.com,Social,7,2017-02-13T09:15:52.559Z
freelancer.com,Work,3,2017-02-13T09:15:41.502Z
gitlab.com,Work,2,2017-02-13T09:15:38.407Z
localhost,Other,9,2017-02-13T09:15:29.187Z
localhost,Other,9,2017-02-13T09:15:20.380Z
localhost,Other,3,2017-02-13T09:15:17.021Z
localhost,Other,3,2017-02-13T09:15:14.397Z
localhost,Other,2,2017-02-13T09:15:12.769Z
localhost,Other,9,2017-02-13T09:15:04.123Z
localhost,Other,6,2017-02-13T09:14:57.922Z
localhost,Other,1,2017-02-13T09:14:47.064Z
localhost,Other,2,2017-02-13T09:14:44.823Z
localhost,Other,2,2017-02-13T09:14:43.466Z
localhost,Other,14,2017-02-13T09:14:29.768Z
localhost,Other,7,2017-02-13T09:14:22.316Z
localhost,Other,5,2017-02-13T09:14:17.072Z
localhost,Other,5,2017-02-13T09:14:11.926Z
localhost,Other,1,2017-02-13T09:14:10.701Z
localhost,Other,1,2017-02-13T09:13:40.035Z
localhost,Other,11,2017-02-13T09:13:28.684Z
localhost,Other,5,2017-02-13T09:13:23.104Z
localhost,Other,11,2017-02-13T09:13:11.877Z
localhost,Other,1,2017-02-13T09:13:10.227Z
localhost,Other,3,2017-02-13T09:13:07.592Z
localhost,Other,11,2017-02-13T09:12:56.665Z
localhost,Other,3,2017-02-13T09:12:50.772Z
localhost,Other,1,2017-02-13T09:12:49.313Z
instagram.com,Social,64,2017-02-13T09:11:45.341Z
mangareader.net,Fun,2,2017-02-13T09:10:34.993Z
mangareader.net,Fun,2,2017-02-13T09:10:32.728Z
mangareader.net,Fun,2,2017-02-13T09:10:30.726Z
mangareader.net,Fun,4,2017-02-13T09:10:26.918Z
mangareader.net,Fun,14,2017-02-13T09:10:13.269Z
mangareader.net,Fun,14,2017-02-13T09:08:45.485Z
mangareader.net,Fun,2,2017-02-13T09:07:57.008Z
mangareader.net,Fun,10,2017-02-13T09:07:37.533Z
mangareader.net,Fun,1,2017-02-13T09:06:25.845Z
mangareader.net,Fun,24,2017-02-13T09:06:01.592Z
mangareader.net,Fun,11,2017-02-13T09:05:51.048Z
mangareader.net,Fun,14,2017-02-13T09:05:36.606Z
mangareader.net,Fun,1,2017-02-13T09:05:35.281Z
mangareader.net,Fun,1,2017-02-13T09:05:34.039Z
mangareader.net,Fun,2,2017-02-13T09:05:32.154Z
mangareader.net,Fun,5,2017-02-13T09:05:26.907Z
mangareader.net,Fun,53,2017-02-13T09:04:34.283Z
mangareader.net,Fun,6,2017-02-13T09:04:21.404Z
mangareader.net,Fun,11,2017-02-13T09:04:10.515Z
instagram.com,Social,6,2017-02-13T09:04:04.406Z
mangareader.net,Fun,4,2017-02-13T09:04:00.833Z
mangareader.net,Fun,3,2017-02-13T09:03:57.968Z
mangareader.net,Fun,10,2017-02-13T09:03:47.930Z
mangareader.net,Fun,4,2017-02-13T09:03:43.434Z
mangareader.net,Fun,22,2017-02-13T09:03:19.906Z
mail.google.com,Comms,1,2017-02-13T09:03:17.310Z
mail.google.com,Comms,5,2017-02-13T09:03:12.704Z
mail.google.com,Comms,3,2017-02-13T09:03:10.073Z
mangareader.net,Fun,4,2017-02-13T09:01:07.426Z
mangareader.net,Fun,9,2017-02-13T09:00:58.029Z
facebook.com,Social,467,2017-02-13T08:43:17.985Z
occupydemocrats.com,Other,5,2017-02-13T08:43:12.498Z
facebook.com,Social,2,2017-02-13T08:43:10.404Z
brandentrepreneurs.com,Other,9,2017-02-13T08:42:46.699Z
powrofyou.freshdesk.com,Work,6,2017-02-13T08:42:40.178Z
powrofyou.freshdesk.com,Work,1,2017-02-13T08:42:38.800Z
powrofyou.freshdesk.com,Work,3,2017-02-13T08:42:35.987Z
us9.campaign-archive2.com,Other,2,2017-02-13T08:42:32.698Z
panopticlick.eff.org,Other,2,2017-02-13T08:42:30.952Z
discovermyprofile.com,Other,12,2017-02-13T08:40:53.708Z
discovermyprofile.com,Other,3,2017-02-13T08:40:50.454Z
applymagicsauce.com,Other,2,2017-02-13T08:40:47.251Z
twitter.com,Social,4,2017-02-13T08:40:43.468Z
applymagicsauce.com,Other,5,2017-02-13T08:40:34.234Z
discovermyprofile.com,Other,1,2017-02-13T08:40:31.767Z
applymagicsauce.com,Other,2,2017-02-13T08:40:30.193Z
cybermap.kaspersky.com,Other,7,2017-02-13T08:40:23.242Z
cybermap.kaspersky.com,Other,15,2017-02-13T08:40:07.948Z
mail.google.com,Comms,16,2017-02-13T08:39:51.697Z
mail.google.com,Comms,18,2017-02-13T08:39:32.206Z
mail.google.com,Comms,1,2017-02-13T08:39:30.809Z
mail.google.com,Comms,3,2017-02-13T08:39:27.387Z
mail.google.com,Comms,1,2017-02-13T08:39:25.833Z
occupydemocrats.com,Other,126,2017-02-13T08:35:51.456Z
facebook.com,Social,1,2017-02-13T08:35:50.010Z
fusion.net,Read,2,2017-02-13T08:35:47.744Z
fusion.net,Read,4,2017-02-13T08:33:52.223Z
facebook.com,Social,1,2017-02-13T08:33:50.165Z
fusion.net,Read,14,2017-02-13T08:32:29.726Z
twitter.com,Social,5,2017-02-13T08:32:20.813Z
fusion.net,Read,2,2017-02-13T08:32:12.651Z
fusion.net,Read,8,2017-02-13T08:32:02.362Z
fusion.net,Read,11,2017-02-13T08:31:51.561Z
occupydemocrats.com,Other,16,2017-02-13T08:31:25.827Z
facebook.com,Social,6,2017-02-13T08:31:19.850Z
facebook.com,Social,2,2017-02-13T08:31:17.549Z
fusion.net,Read,8,2017-02-13T08:30:36.610Z
facebook.com,Social,1,2017-02-13T08:24:20.629Z
fusion.net,Read,25,2017-02-13T08:23:22.463Z
fusion.net,Read,6,2017-02-13T08:23:10.292Z
facebook.com,Social,18,2017-02-13T08:19:31.640Z
wired.com,Read,2,2017-02-13T08:19:28.763Z
wired.com,Read,82,2017-02-13T08:18:06.391Z
wired.com,Read,7,2017-02-13T08:17:59.797Z
facebook.com,Social,13,2017-02-13T08:16:59.843Z
theslot.jezebel.com,Other,46,2017-02-13T08:16:13.694Z
facebook.com,Social,19,2017-02-13T08:13:07.838Z
facebook.com,Social,8,2017-02-13T08:13:00.134Z
mangareader.net,Fun,6,2017-02-13T08:11:11.017Z
mangareader.net,Fun,10,2017-02-13T08:11:00.552Z
mangareader.net,Fun,5,2017-02-13T08:10:55.385Z
mangareader.net,Fun,10,2017-02-13T08:10:44.996Z
mangareader.net,Fun,6,2017-02-13T08:10:39.027Z
mangareader.net,Fun,3,2017-02-13T08:10:36.327Z
mangareader.net,Fun,3,2017-02-13T08:10:32.959Z
mangareader.net,Fun,7,2017-02-13T08:10:25.720Z
facebook.com,Social,27,2017-02-13T08:08:16.427Z
facebook.com,Social,2,2017-02-13T08:08:13.813Z
facebook.com,Social,268,2017-02-13T08:03:46.242Z
facebook.com,Social,2,2017-02-13T08:03:44.256Z
instagram.com,Social,5,2017-02-13T07:32:03.842Z
instagram.com,Social,2,2017-02-13T07:32:02.039Z
instagram.com,Social,1,2017-02-13T07:32:00.673Z
instagram.com,Social,1,2017-02-13T07:31:56.272Z
mail.google.com,Comms,24,2017-02-13T07:30:06.006Z
mail.google.com,Comms,4,2017-02-13T07:30:01.744Z
cybermap.kaspersky.com,Other,41,2017-02-13T07:27:07.492Z
cybermap.kaspersky.com,Other,5,2017-02-13T07:27:02.802Z
mail.google.com,Comms,17,2017-02-13T07:25:16.573Z
mail.google.com,Comms,3,2017-02-13T07:25:13.684Z
mail.google.com,Comms,2,2017-02-13T07:25:12.075Z
mail.google.com,Comms,7,2017-02-13T07:25:05.203Z
mail.google.com,Comms,7,2017-02-13T07:24:58.373Z
mail.google.com,Comms,8,2017-02-13T07:24:49.965Z
mail.google.com,Comms,48,2017-02-13T07:23:09.140Z
mail.google.com,Comms,17,2017-02-13T07:22:52.084Z
mail.google.com,Comms,3,2017-02-13T07:22:49.541Z
mail.google.com,Comms,3,2017-02-13T07:22:46.508Z
mail.google.com,Comms,6,2017-02-13T07:22:40.934Z
mail.google.com,Comms,1,2017-02-13T07:22:39.747Z
mail.google.com,Comms,6,2017-02-13T07:22:33.803Z
ww1.gogoanime.io,Other,45,2017-02-13T07:21:46.114Z
mail.google.com,Comms,5,2017-02-13T07:17:05.940Z
mail.google.com,Comms,4,2017-02-13T07:17:02.206Z
ww1.gogoanime.io,Other,285,2017-02-13T07:17:01.075Z
159.122.243.244,Other,1,2017-02-13T07:16:59.803Z
ww1.gogoanime.io,Other,5,2017-02-13T07:16:31.658Z
ww1.gogoanime.io,Other,377,2017-02-13T07:10:14.397Z
ww1.gogoanime.io,Other,320,2017-02-13T07:04:54.472Z
ww1.gogoanime.io,Other,25,2017-02-13T07:04:27.284Z
159.122.243.244,Other,7,2017-02-13T07:04:14.969Z
159.122.243.244,Other,2,2017-02-13T07:04:12.958Z
159.122.243.244,Other,2,2017-02-13T07:04:11.273Z
159.122.243.244,Other,8,2017-02-13T07:04:03.497Z
159.122.243.244,Other,3,2017-02-13T07:03:57.293Z
nmdrp.me,Other,3,2017-02-13T07:03:50.461Z
nmdrp.me,Other,75,2017-02-13T06:59:32.395Z
